rank,pred_cluster,gt_type,gt_name,correct_cells,cluster_size,purity,gt_size,recall,f1_score
1,287,71,CB0802,2,2,1.000000,2,1.000000,1.000000
2,42,579,DGI,2,2,1.000000,2,1.000000,1.000000
3,507,631,PLP104,1,1,1.000000,1,1.000000,1.000000
4,68,108,CB0230,1,1,1.000000,1,1.000000,1.000000
5,416,518,LAL047,2,2,1.000000,2,1.000000,1.000000
6,26,483,PLP032,2,2,1.000000,2,1.000000,1.000000
7,977,487,PLP004,1,1,1.000000,1,1.000000,1.000000
8,487,399,DNp31,1,1,1.000000,1,1.000000,1.000000
9,246,725,PLP021,1,1,1.000000,1,1.000000,1.000000
10,851,729,cML02,2,2,1.000000,2,1.000000,1.000000
11,504,546,Li18,31,31,1.000000,32,0.968750,0.984127
12,324,535,LCe04,36,40,0.900000,37,0.972973,0.935065
13,1053,119,cL01,17,20,0.850000,17,1.000000,0.918919
14,61,120,LC18,157,157,1.000000,188,0.835106,0.910145
15,882,419,Li08,40,44,0.909091,44,0.909091,0.909091
16,139,27,Sm22,39,42,0.928571,48,0.812500,0.866667
17,308,157,DN1a,3,3,1.000000,4,0.750000,0.857143
18,256,188,LC26,50,62,0.806452,57,0.877193,0.840336
19,182,258,MLt3,77,77,1.000000,108,0.712963,0.832432
20,1036,169,LC6,84,85,0.988235,125,0.672000,0.800000
21,278,484,s-LNv,4,4,1.000000,6,0.666667,0.800000
22,149,278,LC13,92,93,0.989247,145,0.634483,0.773109
23,24,510,Li14,17,18,0.944444,26,0.653846,0.772727
24,132,703,MTe01b,39,50,0.780000,52,0.750000,0.764706
25,18,402,MTe51,91,142,0.640845,99,0.919192,0.755187
26,612,365,MTe08,12,20,0.600000,12,1.000000,0.750000
27,585,21,cM19,13,22,0.590909,13,1.000000,0.742857
28,1078,103,MeTu4d,28,39,0.717949,37,0.756757,0.736842
29,385,620,LT70,8,14,0.571429,8,1.000000,0.727273
30,378,215,LMa1,32,35,0.914286,56,0.571429,0.703297
31,715,306,LTe68,7,10,0.700000,10,0.700000,0.700000
32,468,39,LC12,204,204,1.000000,381,0.535433,0.697436
33,244,344,LLPt,38,41,0.926829,68,0.558824,0.697248
34,720,231,LC9,109,143,0.762238,179,0.608939,0.677019
35,572,641,MLt1,47,47,1.000000,92,0.510870,0.676259
36,986,353,MTe54,29,30,0.966667,56,0.517857,0.674419
37,959,162,Li13,34,34,1.000000,67,0.507463,0.673267
38,426,147,PLP068,1,1,1.000000,2,0.500000,0.666667
39,983,129,LC25,32,34,0.941176,62,0.516129,0.666667
40,1013,254,mALD2,1,1,1.000000,2,0.500000,0.666667
41,239,570,CB3235,1,1,1.000000,2,0.500000,0.666667
42,179,56,s-CPDN3A,2,2,1.000000,4,0.500000,0.666667
43,865,93,cL09,1,1,1.000000,2,0.500000,0.666667
44,100,97,cL16,3,6,0.500000,3,1.000000,0.666667
45,805,289,PLP036,1,2,0.500000,1,1.000000,0.666667
46,621,284,AVLP151,2,4,0.500000,2,1.000000,0.666667
47,112,45,mALD1,2,4,0.500000,2,1.000000,0.666667
48,920,730,DNc02,2,4,0.500000,2,1.000000,0.666667
49,497,171,AVLP593,1,2,0.500000,1,1.000000,0.666667
50,889,372,CB2685,1,1,1.000000,2,0.500000,0.666667
51,549,309,AOTU026,1,2,0.500000,1,1.000000,0.666667
52,467,134,PLP251,2,4,0.500000,2,1.000000,0.666667
53,596,296,CL104,1,2,0.500000,1,1.000000,0.666667
54,217,605,Tlp5,27,27,1.000000,55,0.490909,0.658537
55,831,80,Dm20,56,76,0.736842,95,0.589474,0.654971
56,111,189,Sm32,41,66,0.621212,60,0.683333,0.650794
57,369,194,Li24,8,15,0.533333,10,0.800000,0.640000
58,743,138,LTe43,7,14,0.500000,8,0.875000,0.636364
59,210,625,LT52,19,30,0.633333,31,0.612903,0.622951
60,630,218,LCe07,8,14,0.571429,12,0.666667,0.615385
61,394,286,Dm19,23,51,0.450980,25,0.920000,0.605263
62,93,383,Lawf2,149,149,1.000000,345,0.431884,0.603239
63,553,630,Dm17,6,12,0.500000,8,0.750000,0.600000
64,206,590,LC16,65,65,1.000000,152,0.427632,0.599078
65,836,532,LC4,44,44,1.000000,104,0.423077,0.594595
66,481,418,Sm04,64,64,1.000000,152,0.421053,0.592593
67,869,131,CB2848,2,5,0.400000,2,1.000000,0.571429
68,46,588,PLP241,2,5,0.400000,2,1.000000,0.571429
69,654,569,LCe01a,14,27,0.518519,22,0.636364,0.571429
70,736,136,MTe10,8,20,0.400000,8,1.000000,0.571429
71,669,657,Sm09,76,109,0.697248,158,0.481013,0.569288
72,35,392,Tlp14,30,51,0.588235,55,0.545455,0.566038
73,992,407,LCe09,13,30,0.433333,16,0.812500,0.565217
74,985,672,Mi13,282,283,0.996466,716,0.393855,0.564565
75,620,348,LCe01b,19,29,0.655172,39,0.487179,0.558824
76,591,54,Li06,75,75,1.000000,196,0.382653,0.553506
77,323,439,Sm31,21,53,0.396226,23,0.913043,0.552632
78,624,318,LPLC1,53,53,1.000000,140,0.378571,0.549223
79,640,370,Dm18,37,87,0.425287,49,0.755102,0.544118
80,571,221,Dm15,158,178,0.887640,403,0.392060,0.543890
81,753,273,LMa2,16,22,0.727273,37,0.432432,0.542373
82,546,520,LC11,47,49,0.959184,127,0.370079,0.534091
83,208,26,LPT31,4,7,0.571429,8,0.500000,0.533333
84,814,50,LLPC1,80,82,0.975610,219,0.365297,0.531561
85,478,72,LPLC4,41,45,0.911111,110,0.372727,0.529032
86,204,589,aMe5,30,59,0.508475,55,0.545455,0.526316
87,774,269,LT51,20,52,0.384615,24,0.833333,0.526316
88,663,694,LC14a1,18,39,0.461538,30,0.600000,0.521739
89,1031,288,Li07,19,52,0.365385,22,0.863636,0.513514
90,802,117,LC22,33,40,0.825000,89,0.370787,0.511628
91,970,187,Sm20,46,121,0.380165,59,0.779661,0.511111
92,459,196,Sm05,49,50,0.980000,143,0.342657,0.507772
93,259,242,PLP023,1,3,0.333333,1,1.000000,0.500000
94,346,349,MTe06,6,6,1.000000,18,0.333333,0.500000
95,168,240,aMe15,2,6,0.333333,2,1.000000,0.500000
96,781,228,l-CPDN3,2,6,0.333333,2,1.000000,0.500000
97,897,87,aMe17a2,2,6,0.333333,2,1.000000,0.500000
98,862,629,PLP185,1,2,0.500000,2,0.500000,0.500000
99,344,115,Sm36,6,18,0.333333,6,1.000000,0.500000
100,306,473,Lai,135,139,0.971223,405,0.333333,0.496324
101,762,40,TmY14,121,121,1.000000,370,0.327027,0.492872
102,262,684,TmY3,268,357,0.750700,734,0.365123,0.491292
103,776,390,LC21,56,99,0.565657,130,0.430769,0.489083
104,137,417,aMe4,9,23,0.391304,14,0.642857,0.486486
105,1074,458,TmY16,48,48,1.000000,150,0.320000,0.484848
106,9,320,MeTu2b,13,23,0.565217,31,0.419355,0.481481
107,1064,174,LC33a,11,19,0.578947,27,0.407407,0.478261
108,283,454,Dm4,32,57,0.561404,77,0.415584,0.477612
109,698,4,LC15,45,83,0.542169,106,0.424528,0.476190
110,136,549,Tm33,38,42,0.904762,118,0.322034,0.475000
111,704,714,Tm32,86,197,0.436548,168,0.511905,0.471233
112,284,709,PLP231,4,13,0.307692,4,1.000000,0.470588
113,152,52,Lawf1,90,99,0.909091,284,0.316901,0.469974
114,657,628,LPi01,27,77,0.350649,38,0.710526,0.469565
115,559,10,TmY11,115,115,1.000000,377,0.305040,0.467480
116,328,511,Li10,57,59,0.966102,186,0.306452,0.465306
117,248,479,L4,424,424,1.000000,1400,0.302857,0.464912
118,11,385,MTe52,26,70,0.371429,42,0.619048,0.464286
119,633,488,Li01,67,124,0.540323,167,0.401198,0.460481
120,961,435,Dm10,152,161,0.944099,500,0.304000,0.459909
121,348,193,Tm35,35,35,1.000000,118,0.296610,0.457516
122,327,738,Dm1,26,41,0.634146,73,0.356164,0.456140
123,879,14,Dm9,62,66,0.939394,206,0.300971,0.455882
124,304,553,cLP03,15,27,0.555556,39,0.384615,0.454545
125,877,137,MeMe_e07,10,34,0.294118,10,1.000000,0.454545
126,289,357,Tm3,514,525,0.979048,1755,0.292877,0.450877
127,485,601,Tm31,39,66,0.590909,107,0.364486,0.450867
128,442,210,Mi10,118,119,0.991597,406,0.290640,0.449524
129,880,698,TmY10,130,132,0.984848,447,0.290828,0.449050
130,253,562,Mi1,456,456,1.000000,1581,0.288425,0.447717
131,243,617,OA-ASM1,4,14,0.285714,4,1.000000,0.444444
132,981,623,Tm8a,70,81,0.864198,234,0.299145,0.444444
133,2,736,Tm16,98,98,1.000000,343,0.285714,0.444444
134,856,347,OA-AL2i2,4,14,0.285714,4,1.000000,0.444444
135,88,667,cLP02,33,59,0.559322,91,0.362637,0.440000
136,1079,110,Y4,47,50,0.940000,164,0.286585,0.439252
137,583,305,Tm4,472,661,0.714070,1489,0.316991,0.439070
138,398,522,TmY15,72,75,0.960000,257,0.280156,0.433735
139,584,298,LPLC2,58,58,1.000000,210,0.276190,0.432836
140,329,640,Dm12,67,96,0.697917,216,0.310185,0.429487
141,890,634,LC10d,98,269,0.364312,188,0.521277,0.428884
142,216,526,Sm01,108,223,0.484305,282,0.382979,0.427723
143,1022,212,Tm5a,155,278,0.557554,448,0.345982,0.426997
144,808,702,TmY31,86,86,1.000000,317,0.271293,0.426799
145,15,312,Dm6,29,71,0.408451,65,0.446154,0.426471
146,215,618,Li09,21,47,0.446809,52,0.403846,0.424242
147,534,464,LC31b,8,28,0.285714,10,0.800000,0.421053
148,288,650,TmY20,75,75,1.000000,283,0.265018,0.418994
149,919,539,LPC1,44,47,0.936170,164,0.268293,0.417062
150,315,379,LC29,16,33,0.484848,45,0.355556,0.410256
151,976,275,C2,363,364,0.997253,1429,0.254024,0.404908
152,375,538,LLPC2,78,152,0.513158,235,0.331915,0.403101
153,934,265,R1-6,1812,1813,0.999448,7240,0.250276,0.400309
154,486,366,LTe59,1,1,1.000000,4,0.250000,0.400000
155,1018,470,LTe49d,3,12,0.250000,3,1.000000,0.400000
156,857,711,Mi15,246,263,0.935361,971,0.253347,0.398703
157,848,251,Sm30,18,65,0.276923,26,0.692308,0.395604
158,729,135,Li17,32,74,0.432432,89,0.359551,0.392638
159,276,123,cL18,6,25,0.240000,6,1.000000,0.387097
160,581,37,Mi2,204,205,0.995122,851,0.239718,0.386364
161,334,234,T1,332,339,0.979351,1387,0.239366,0.384705
162,868,261,APDN3,4,9,0.444444,12,0.333333,0.380952
163,222,568,LT57,14,52,0.269231,22,0.636364,0.378378
164,563,55,LMt3,13,34,0.382353,35,0.371429,0.376812
165,712,197,Pm09,29,81,0.358025,73,0.397260,0.376623
166,145,561,Sm07,114,296,0.385135,311,0.366559,0.375618
167,71,335,LPT23,3,10,0.300000,6,0.500000,0.375000
168,227,182,LC31a,15,46,0.326087,35,0.428571,0.370370
169,727,688,L1,362,362,1.000000,1596,0.226817,0.369765
170,350,290,LMa4,22,52,0.423077,67,0.328358,0.369748
171,173,446,Tm5c,142,154,0.922078,616,0.230519,0.368831
172,317,427,Li11,24,69,0.347826,62,0.387097,0.366412
173,228,191,Pm14,4,18,0.222222,4,1.000000,0.363636
174,858,3,LTe67,4,18,0.222222,4,1.000000,0.363636
175,332,356,DNp11,2,9,0.222222,2,1.000000,0.363636
176,628,567,cLP01,19,54,0.351852,51,0.372549,0.361905
177,223,476,T2a,402,482,0.834025,1774,0.226607,0.356383
178,471,201,T3,361,362,0.997238,1676,0.215394,0.354269
179,1020,139,Li05,59,167,0.353293,167,0.353293,0.353293
180,124,593,Dm16,34,103,0.330097,91,0.373626,0.350515
181,501,500,Pm08,35,84,0.416667,117,0.299145,0.348259
182,354,69,T2,309,309,1.000000,1466,0.210778,0.348169
183,932,525,Li28,4,19,0.210526,4,1.000000,0.347826
184,1038,440,LPi14,4,19,0.210526,4,1.000000,0.347826
185,476,18,C3,317,319,0.993730,1519,0.208690,0.344940
186,371,323,Mi4,319,319,1.000000,1531,0.208361,0.344865
187,537,51,Tm27,236,238,0.991597,1136,0.207746,0.343523
188,768,474,LC17,56,56,1.000000,276,0.202899,0.337349
189,116,719,Li12,15,48,0.312500,41,0.365854,0.337079
190,27,43,cM01a,2,10,0.200000,2,1.000000,0.333333
191,184,125,PLP035,1,5,0.200000,1,1.000000,0.333333
192,676,154,Lat,2,5,0.400000,7,0.285714,0.333333
193,929,705,LC36,18,78,0.230769,30,0.600000,0.333333
194,319,253,Tm2,377,733,0.514325,1549,0.243383,0.330412
195,540,61,MeTu4b,16,76,0.210526,21,0.761905,0.329897
196,415,575,Pm02,49,117,0.418803,181,0.270718,0.328859
197,201,633,Sm02,95,192,0.494792,389,0.244216,0.327022
198,525,263,MLt2,32,93,0.344086,103,0.310680,0.326531
199,679,155,LCe02,41,199,0.206030,53,0.773585,0.325397
200,951,24,Pm01,54,94,0.574468,241,0.224066,0.322388
201,290,502,Nod1,4,21,0.190476,4,1.000000,0.320000
202,419,86,Dm8a,91,210,0.433333,359,0.253482,0.319859
203,102,294,Tm5f,156,178,0.876404,801,0.194757,0.318693
204,165,735,aMe12,7,37,0.189189,7,1.000000,0.318182
205,494,362,Tm1,305,382,0.798429,1554,0.196268,0.315083
206,20,140,LLPC3,54,140,0.385714,204,0.264706,0.313953
207,984,495,LC14b,8,13,0.615385,38,0.210526,0.313725
208,812,142,Tm20,276,276,1.000000,1494,0.184739,0.311864
209,1084,297,L2,294,294,1.000000,1593,0.184557,0.311606
210,125,742,Li21,7,28,0.250000,18,0.388889,0.304348
211,809,648,Tm5e,103,181,0.569061,498,0.206827,0.303387
212,490,327,Pm10,14,47,0.297872,46,0.304348,0.301075
213,622,449,Tm36,80,263,0.304183,282,0.283688,0.293578
214,148,472,R8,240,364,0.659341,1278,0.187793,0.292326
215,764,58,Pm06,16,59,0.271186,51,0.313725,0.290909
216,493,274,LC10a,45,73,0.616438,237,0.189873,0.290323
217,565,706,LCe06,10,58,0.172414,11,0.909091,0.289855
218,445,316,LTe49b,1,2,0.500000,5,0.200000,0.285714
219,784,371,CB3089,1,5,0.200000,2,0.500000,0.285714
220,242,328,MLt6,11,18,0.611111,59,0.186441,0.285714
221,714,358,Tm21,231,333,0.693694,1291,0.178931,0.284483
222,840,606,Mi9,257,258,0.996124,1551,0.165700,0.284135
223,835,302,TmY4,71,74,0.959459,432,0.164352,0.280632
224,605,79,R7,228,427,0.533958,1259,0.181096,0.270463
225,386,359,cM08a,5,32,0.156250,5,1.000000,0.270270
226,833,649,Sm03,43,145,0.296552,174,0.247126,0.269592
227,353,5,LC20a,23,132,0.174242,39,0.589744,0.269006
228,1054,68,LMt2,16,63,0.253968,56,0.285714,0.268908
229,903,369,MeTu1,83,375,0.221333,243,0.341564,0.268608
230,884,291,MLt5,11,15,0.733333,67,0.164179,0.268293
231,77,256,Pm05,33,98,0.336735,148,0.222973,0.268293
232,770,282,Li22,8,43,0.186047,17,0.470588,0.266667
233,32,721,MeMe_e02,8,43,0.186047,17,0.470588,0.266667
234,480,220,Tm9,232,232,1.000000,1522,0.152431,0.264538
235,119,685,LTe58,8,49,0.163265,12,0.666667,0.262295
236,97,572,LC20b,11,38,0.289474,46,0.239130,0.261905
237,642,63,MTe17,3,19,0.157895,4,0.750000,0.260870
238,269,420,MTe18,3,20,0.150000,3,1.000000,0.260870
239,837,506,Pm03,35,79,0.443038,190,0.184211,0.260223
240,512,73,LT78,7,46,0.152174,8,0.875000,0.259259
241,339,333,VST2,4,23,0.173913,8,0.500000,0.258065
242,734,77,LC10e,42,224,0.187500,103,0.407767,0.256881
243,576,701,Dm2,181,194,0.932990,1217,0.148726,0.256556
244,819,213,Tm5b,108,395,0.273418,447,0.241611,0.256532
245,926,107,Dm3v,95,103,0.922330,640,0.148438,0.255720
246,347,491,Dm11,38,167,0.227545,131,0.290076,0.255034
247,364,126,Dm8b,98,379,0.258575,400,0.245000,0.251605
248,783,425,TmY9q__perp,78,244,0.319672,377,0.206897,0.251208
249,526,152,MTe47,4,28,0.142857,4,1.000000,0.250000
250,128,118,AN_multi_124,1,1,1.000000,7,0.142857,0.250000
251,252,160,MTe41,2,14,0.142857,2,1.000000,0.250000
252,444,666,L3,202,202,1.000000,1426,0.141655,0.248157
253,514,651,DmDRA1,23,143,0.160839,47,0.489362,0.242105
254,189,595,Tm37,57,240,0.237500,238,0.239496,0.238494
255,107,397,Y3,81,81,1.000000,603,0.134328,0.236842
256,535,401,cLLP02,4,30,0.133333,4,1.000000,0.235294
257,595,612,TmY5a,159,178,0.893258,1176,0.135204,0.234860
258,636,436,LPTe01,10,49,0.204082,38,0.263158,0.229885
259,458,573,LC10b,14,40,0.350000,83,0.168675,0.227642
260,991,463,TmY9q,67,236,0.283898,358,0.187151,0.225589
261,396,145,MeTu4a,20,48,0.416667,130,0.153846,0.224719
262,536,386,Tm25,166,768,0.216146,722,0.229917,0.222819
263,1004,90,LPi09,18,48,0.375000,114,0.157895,0.222222
264,192,432,aMe8,4,32,0.125000,4,1.000000,0.222222
265,158,70,Tm7,94,365,0.257534,484,0.194215,0.221437
266,345,170,Y1,23,42,0.547619,166,0.138554,0.221154
267,1082,680,Sm12,44,251,0.175299,148,0.297297,0.220551
268,147,578,Li15,10,59,0.169492,32,0.312500,0.219780
269,824,391,Dm3p,143,335,0.426866,1005,0.142289,0.213433
270,817,636,LPi06,14,100,0.140000,34,0.411765,0.208955
271,693,303,Mi14,71,430,0.165116,252,0.281746,0.208211
272,899,384,L5,182,182,1.000000,1569,0.115997,0.207881
273,305,732,l-LNv,6,50,0.120000,8,0.750000,0.206897
274,143,22,LT68,4,35,0.114286,4,1.000000,0.205128
275,503,99,Dm3q,116,230,0.504348,901,0.128746,0.205128
276,1061,364,Y12,28,73,0.383562,205,0.136585,0.201439
277,593,543,LPi02,17,82,0.207317,87,0.195402,0.201183
278,1058,724,Dm13,9,41,0.219512,49,0.183673,0.200000
279,341,619,LTe49c,1,4,0.250000,6,0.166667,0.200000
280,911,700,LPC2,16,43,0.372093,117,0.136752,0.200000
281,682,368,LatB,1,1,1.000000,9,0.111111,0.200000
282,351,400,Pm07,8,43,0.186047,41,0.195122,0.190476
283,996,355,MeTu2a,30,252,0.119048,70,0.428571,0.186335
284,829,23,Tm5d,69,408,0.169118,336,0.205357,0.185484
285,792,682,Tm8b,24,136,0.176471,126,0.190476,0.183206
286,632,540,LC40,11,84,0.130952,37,0.297297,0.181818
287,931,614,LT55,2,20,0.100000,2,1.000000,0.181818
288,321,163,LPT45_dCal1,2,20,0.100000,2,1.000000,0.181818
289,979,675,Tlp4,13,50,0.260000,95,0.136842,0.179310
290,421,219,LC10c,35,190,0.184211,203,0.172414,0.178117
291,901,287,Li16,7,43,0.162791,36,0.194444,0.177215
292,380,741,MTe02,32,286,0.111888,77,0.415584,0.176309
293,544,704,MTe50,14,105,0.133333,54,0.259259,0.176101
294,746,422,Li19,2,19,0.105263,4,0.500000,0.173913
295,777,552,LMa3,6,34,0.176471,35,0.171429,0.173913
296,395,671,MeTu3b,26,203,0.128079,99,0.262626,0.172185
297,813,178,MTe01a,30,275,0.109091,76,0.394737,0.170940
298,157,29,MTe05,10,92,0.108696,25,0.400000,0.170940
299,671,452,LPi04,20,152,0.131579,86,0.232558,0.168067
300,43,653,LPT58,1,10,0.100000,2,0.500000,0.166667
301,641,665,Y11,15,50,0.300000,130,0.115385,0.166667
302,307,64,LPi05,17,130,0.130769,76,0.223684,0.165049
303,502,627,Sm10,20,165,0.121212,78,0.256410,0.164609
304,717,609,LMt4,8,62,0.129032,39,0.205128,0.158416
305,302,455,Pm04,11,59,0.186441,82,0.134146,0.156028
306,104,465,Tlp1,17,84,0.202381,139,0.122302,0.152466
307,767,602,MTe04,12,128,0.093750,30,0.400000,0.151899
308,588,637,VSm,2,23,0.086957,4,0.500000,0.148148
309,793,534,LPi07,13,83,0.156627,95,0.136842,0.146067
310,212,398,Li02,13,84,0.154762,102,0.127451,0.139785
311,681,149,T5a,114,233,0.489270,1483,0.076871,0.132867
312,832,689,MLt4,17,167,0.101796,89,0.191011,0.132812
313,735,161,Sm13,6,53,0.113208,39,0.153846,0.130435
314,313,36,LMt1,5,31,0.161290,48,0.104167,0.126582
315,22,237,T5b,115,310,0.370968,1514,0.075958,0.126096
316,731,361,LT87,2,30,0.066667,2,1.000000,0.125000
317,974,250,Pm11,6,66,0.090909,33,0.181818,0.121212
318,713,707,LC14a2,4,44,0.090909,23,0.173913,0.119403
319,274,132,T5c,100,141,0.709220,1536,0.065104,0.119261
320,67,30,LTe36,2,32,0.062500,2,1.000000,0.117647
321,58,124,T5d,94,158,0.594937,1469,0.063989,0.115550
322,519,485,LTe52b,2,34,0.058824,2,1.000000,0.111111
323,473,19,cL03,6,100,0.060000,8,0.750000,0.111111
324,1006,551,LPi11,7,73,0.095890,54,0.129630,0.110236
325,1080,376,LC24,6,33,0.181818,76,0.078947,0.110092
326,674,78,LTe64,3,47,0.063830,10,0.300000,0.105263
327,650,111,T4d,88,148,0.594595,1569,0.056087,0.102504
328,732,42,LPi10,7,97,0.072165,42,0.166667,0.100719
329,668,659,MTe53,2,25,0.080000,15,0.133333,0.100000
330,643,352,LC28a,7,44,0.159091,98,0.071429,0.098592
331,980,662,T4c,88,97,0.907216,1710,0.051462,0.097399
332,1002,393,LPTe02,4,72,0.055556,11,0.363636,0.096386
333,945,611,T4a,82,256,0.320312,1457,0.056280,0.095738
334,561,81,T4b,80,192,0.416667,1507,0.053086,0.094173
335,908,104,LMa5,5,32,0.156250,76,0.065789,0.092593
336,234,232,LPi08,4,49,0.081633,40,0.100000,0.089888
337,79,186,LLPC4,1,20,0.050000,6,0.166667,0.076923
338,258,127,MeTu3c,12,191,0.062827,137,0.087591,0.073171
339,160,144,cLPL01,2,53,0.037736,2,1.000000,0.072727
340,454,192,Sm11,5,132,0.037879,8,0.625000,0.071429
341,150,206,LT80,2,52,0.038462,4,0.500000,0.071429
342,482,489,MeTu4c,7,109,0.064220,93,0.075269,0.069307
343,73,733,DmDRA2,10,280,0.035714,24,0.416667,0.065789
344,555,239,Tm34,9,219,0.041096,71,0.126761,0.062069
345,751,91,LT60,1,32,0.031250,2,0.500000,0.058824
346,469,62,cLLPM01,4,148,0.027027,6,0.666667,0.051948
347,255,594,Li03,7,194,0.036082,83,0.084337,0.050542
348,500,159,CB3833,1,40,0.025000,1,1.000000,0.048780
349,575,410,uncertain,1,3,0.333333,40,0.025000,0.046512
350,838,584,LPi03,2,96,0.020833,13,0.153846,0.036697
351,820,566,LC35,1,49,0.020408,8,0.125000,0.035088
352,550,17,LPT29,1,60,0.016667,2,0.500000,0.032258
353,517,548,Sm43,3,214,0.014019,9,0.333333,0.026906
354,366,324,Sm14,2,114,0.017544,36,0.055556,0.026667
355,637,469,Sm06,3,98,0.030612,158,0.018987,0.023438
356,702,587,MLt8,3,249,0.012048,24,0.125000,0.021978
357,60,462,LM102a_L234-M89,1,111,0.009009,2,0.500000,0.017699
358,597,412,Sm08,2,68,0.029412,166,0.012048,0.017094
359,718,13,Sm21,2,245,0.008163,41,0.048780,0.013986
360,795,112,Sm19,1,179,0.005587,55,0.018182,0.008547
361,38,1,vCal1,0,106,0.000000,2,0.000000,0.000000
362,87,2,MeTu3a,0,97,0.000000,40,0.000000,0.000000
363,199,20,LPT49,0,391,0.000000,2,0.000000,0.000000
364,230,25,LT64,0,65,0.000000,6,0.000000,0.000000
365,232,28,cL21,0,115,0.000000,4,0.000000,0.000000
366,235,31,LTe49f,0,306,0.000000,3,0.000000,0.000000
367,5,32,LNd_CRY+_ITP+,0,72,0.000000,2,0.000000,0.000000
368,133,33,LTe11,0,25,0.000000,2,0.000000,0.000000
369,135,34,PLP069,0,85,0.000000,1,0.000000,0.000000
370,1072,691,cL02d,0,143,0.000000,3,0.000000,0.000000
371,1073,692,LT66,0,196,0.000000,2,0.000000,0.000000
372,687,285,LC45,0,65,0.000000,24,0.000000,0.000000
373,10,6,LTe72,0,106,0.000000,2,0.000000,0.000000
374,105,7,LTe08,0,139,0.000000,2,0.000000,0.000000
375,176,8,cL13,0,101,0.000000,2,0.000000,0.000000
376,59,9,LPT47_vCal2,0,115,0.000000,2,0.000000,0.000000
377,191,11,Sm38,0,90,0.000000,4,0.000000,0.000000
378,99,12,cM16,0,110,0.000000,2,0.000000,0.000000
379,195,15,cL22a,0,156,0.000000,2,0.000000,0.000000
380,181,16,mALC4,0,75,0.000000,2,0.000000,0.000000
381,757,708,LTe17,0,102,0.000000,2,0.000000,0.000000
382,193,710,Sm28,0,219,0.000000,6,0.000000,0.000000
383,92,0,MTe30,0,41,0.000000,2,0.000000,0.000000
384,647,381,LTe13,0,218,0.000000,2,0.000000,0.000000
385,763,382,VS4,0,275,0.000000,2,0.000000,0.000000
386,579,211,LTe03,0,35,0.000000,4,0.000000,0.000000
387,229,214,Sm34,0,165,0.000000,11,0.000000,0.000000
388,47,216,Li31,0,402,0.000000,2,0.000000,0.000000
389,1,217,LTe28,0,245,0.000000,2,0.000000,0.000000
390,233,222,MTe20,0,88,0.000000,2,0.000000,0.000000
391,0,223,MeMe_e10,0,134,0.000000,4,0.000000,0.000000
392,194,224,aMe17b,0,114,0.000000,4,0.000000,0.000000
393,273,225,LT42,0,63,0.000000,2,0.000000,0.000000
394,602,226,MTe28,0,47,0.000000,2,0.000000,0.000000
395,765,360,HSS,0,383,0.000000,2,0.000000,0.000000
396,527,363,Nod3,0,44,0.000000,2,0.000000,0.000000
397,196,200,5-HTPMPV03,0,99,0.000000,2,0.000000,0.000000
398,162,202,MTe34,0,235,0.000000,2,0.000000,0.000000
399,207,203,cL20,0,186,0.000000,2,0.000000,0.000000
400,568,204,LTe26,0,200,0.000000,2,0.000000,0.000000
401,569,205,LC46,0,168,0.000000,14,0.000000,0.000000
402,36,207,LTe21,0,66,0.000000,2,0.000000,0.000000
403,205,208,LTe56,0,50,0.000000,2,0.000000,0.000000
404,578,209,LTe29,0,85,0.000000,2,0.000000,0.000000
405,778,373,LTe49a,0,146,0.000000,4,0.000000,0.000000
406,604,374,LT1a,0,73,0.000000,2,0.000000,0.000000
407,303,375,5-HTPMPV01,0,59,0.000000,2,0.000000,0.000000
408,672,377,Sm40,0,344,0.000000,4,0.000000,0.000000
409,790,378,aMe9,0,33,0.000000,4,0.000000,0.000000
410,279,380,Sm42,0,37,0.000000,2,0.000000,0.000000
411,684,367,LTe10,0,51,0.000000,2,0.000000,0.000000
412,381,227,5th-LNv,0,31,0.000000,2,0.000000,0.000000
413,63,229,MeMe_e03,0,319,0.000000,2,0.000000,0.000000
414,607,230,AOTU065,0,177,0.000000,1,0.000000,0.000000
415,611,233,MTe49,0,209,0.000000,2,0.000000,0.000000
416,614,235,Nod2,0,331,0.000000,2,0.000000,0.000000
417,617,236,MTe24,0,48,0.000000,2,0.000000,0.000000
418,618,238,LT61a,0,233,0.000000,2,0.000000,0.000000
419,619,241,aMe26,0,258,0.000000,6,0.000000,0.000000
420,745,339,LTe55,0,92,0.000000,2,0.000000,0.000000
421,484,340,MTe43,0,211,0.000000,2,0.000000,0.000000
422,750,341,Li25,0,61,0.000000,4,0.000000,0.000000
423,821,413,MeMe_e09,0,215,0.000000,2,0.000000,0.000000
424,822,414,cM17,0,85,0.000000,2,0.000000,0.000000
425,316,415,H2,0,125,0.000000,2,0.000000,0.000000
426,80,416,LTe15,0,235,0.000000,2,0.000000,0.000000
427,797,387,LT1c,0,189,0.000000,2,0.000000,0.000000
428,533,388,LT84,0,138,0.000000,2,0.000000,0.000000
429,803,389,PDt,0,305,0.000000,11,0.000000,0.000000
430,697,394,AVLP534,0,55,0.000000,1,0.000000,0.000000
431,806,395,LT37,0,42,0.000000,2,0.000000,0.000000
432,807,396,aMe17c,0,262,0.000000,4,0.000000,0.000000
433,238,195,OA-AL2i3,0,121,0.000000,4,0.000000,0.000000
434,109,198,cL07,0,34,0.000000,2,0.000000,0.000000
435,172,199,PLP252,0,38,0.000000,1,0.000000,0.000000
436,532,426,Pm12,0,88,0.000000,4,0.000000,0.000000
437,31,428,LTe05,0,247,0.000000,2,0.000000,0.000000
438,834,429,LTe12,0,279,0.000000,2,0.000000,0.000000
439,452,430,OA-AL2b1,0,147,0.000000,2,0.000000,0.000000
440,281,431,LT76,0,31,0.000000,2,0.000000,0.000000
441,491,433,PLP022,0,64,0.000000,1,0.000000,0.000000
442,610,434,LPT50,0,89,0.000000,2,0.000000,0.000000
443,730,403,MC65,0,44,0.000000,6,0.000000,0.000000
444,17,404,MeMe_e11,0,114,0.000000,4,0.000000,0.000000
445,811,405,LT63,0,171,0.000000,4,0.000000,0.000000
446,82,406,PLP215,0,220,0.000000,2,0.000000,0.000000
447,758,408,LC10f,0,18,0.000000,4,0.000000,0.000000
448,816,409,LCe01,0,143,0.000000,3,0.000000,0.000000
449,738,411,DNc01,0,173,0.000000,2,0.000000,0.000000
450,761,447,VS3,0,174,0.000000,2,0.000000,0.000000
451,601,448,cLP04,0,289,0.000000,2,0.000000,0.000000
452,114,450,LPi15,0,104,0.000000,2,0.000000,0.000000
453,488,179,LTe52a,0,43,0.000000,2,0.000000,0.000000
454,528,180,MTe03,0,301,0.000000,47,0.000000,0.000000
455,529,181,LPi12,0,173,0.000000,2,0.000000,0.000000
456,530,183,Sm15,0,87,0.000000,116,0.000000,0.000000
457,531,184,Sm23,0,207,0.000000,41,0.000000,0.000000
458,169,185,LPT28,0,124,0.000000,2,0.000000,0.000000
459,240,190,MTe35,0,150,0.000000,2,0.000000,0.000000
460,740,421,LTe49e,0,117,0.000000,3,0.000000,0.000000
461,830,423,LTe27,0,118,0.000000,2,0.000000,0.000000
462,74,424,aMe19a,0,38,0.000000,2,0.000000,0.000000
463,864,456,LTe45,0,243,0.000000,2,0.000000,0.000000
464,51,457,LT47,0,210,0.000000,2,0.000000,0.000000
465,106,459,mALC3,0,56,0.000000,2,0.000000,0.000000
466,492,460,Sm41,0,76,0.000000,2,0.000000,0.000000
467,96,461,LPT54,0,237,0.000000,2,0.000000,0.000000
468,873,466,Sm24,0,245,0.000000,8,0.000000,0.000000
469,336,437,PLP174,0,233,0.000000,2,0.000000,0.000000
470,842,438,aMe20,0,221,0.000000,2,0.000000,0.000000
471,408,441,cM01b,0,70,0.000000,2,0.000000,0.000000
472,638,442,cM05,0,37,0.000000,2,0.000000,0.000000
473,850,443,LT81,0,313,0.000000,9,0.000000,0.000000
474,854,444,MeMe_e08,0,168,0.000000,12,0.000000,0.000000
475,855,445,MeMe_e05,0,92,0.000000,2,0.000000,0.000000
476,37,482,aMe10,0,59,0.000000,3,0.000000,0.000000
477,8,164,LTe01,0,158,0.000000,5,0.000000,0.000000
478,505,165,PLP081,0,218,0.000000,1,0.000000,0.000000
479,506,166,SIP017,0,78,0.000000,1,0.000000,0.000000
480,508,167,LT1b,0,164,0.000000,2,0.000000,0.000000
481,509,168,LPT21,0,28,0.000000,2,0.000000,0.000000
482,343,172,LT73,0,114,0.000000,4,0.000000,0.000000
483,513,173,LT33,0,1,0.000000,2,0.000000,0.000000
484,410,175,LTe40,0,69,0.000000,2,0.000000,0.000000
485,523,176,Li32,0,85,0.000000,2,0.000000,0.000000
486,524,177,cL19,0,9,0.000000,2,0.000000,0.000000
487,859,451,LTe66,0,290,0.000000,7,0.000000,0.000000
488,863,453,Li33,0,159,0.000000,2,0.000000,0.000000
489,156,342,VS8,0,48,0.000000,2,0.000000,0.000000
490,754,343,LT75,0,87,0.000000,2,0.000000,0.000000
491,728,345,LC43,0,228,0.000000,12,0.000000,0.000000
492,363,346,LT82a,0,275,0.000000,6,0.000000,0.000000
493,219,350,LTe51,0,94,0.000000,2,0.000000,0.000000
494,598,351,MLt7,0,372,0.000000,48,0.000000,0.000000
495,142,354,MTe48,0,128,0.000000,2,0.000000,0.000000
496,692,325,LPT57,0,116,0.000000,2,0.000000,0.000000
497,545,326,LCe03,0,43,0.000000,37,0.000000,0.000000
498,413,329,HSN,0,269,0.000000,2,0.000000,0.000000
499,66,330,LPT04_HST,0,188,0.000000,2,0.000000,0.000000
500,479,331,LTe16,0,48,0.000000,2,0.000000,0.000000
501,120,332,aMe22,0,195,0.000000,2,0.000000,0.000000
502,737,334,MTe38,0,224,0.000000,2,0.000000,0.000000
503,171,150,Dm14,0,161,0.000000,28,0.000000,0.000000
504,461,151,Li29,0,142,0.000000,2,0.000000,0.000000
505,155,153,mALC5,0,29,0.000000,2,0.000000,0.000000
506,178,156,LTe53,0,288,0.000000,2,0.000000,0.000000
507,496,158,Li26,0,363,0.000000,8,0.000000,0.000000
508,138,467,LT39,0,239,0.000000,2,0.000000,0.000000
509,556,468,LTe42a,0,78,0.000000,2,0.000000,0.000000
510,590,471,LT54,0,126,0.000000,2,0.000000,0.000000
511,881,475,LTe24,0,135,0.000000,2,0.000000,0.000000
512,723,477,CB0143,0,35,0.000000,1,0.000000,0.000000
513,616,478,PLP217,0,258,0.000000,1,0.000000,0.000000
514,886,480,MTe26,0,22,0.000000,2,0.000000,0.000000
515,888,481,MTe46,0,204,0.000000,3,0.000000,0.000000
516,921,509,LHPV2i2a,0,186,0.000000,1,0.000000,0.000000
517,924,512,LTe33,0,80,0.000000,5,0.000000,0.000000
518,925,513,LTe61,0,203,0.000000,2,0.000000,0.000000
519,552,514,LT1d,0,86,0.000000,2,0.000000,0.000000
520,651,486,LPT48_vCal3,0,47,0.000000,2,0.000000,0.000000
521,894,490,Li23,0,219,0.000000,2,0.000000,0.000000
522,895,492,cL05,0,71,0.000000,2,0.000000,0.000000
523,263,493,DN1-l,0,29,0.000000,2,0.000000,0.000000
524,898,494,LTe23,0,161,0.000000,2,0.000000,0.000000
525,823,496,MTe07,0,133,0.000000,15,0.000000,0.000000
526,900,497,CB0734,0,174,0.000000,1,0.000000,0.000000
527,340,498,LT74,0,121,0.000000,5,0.000000,0.000000
528,376,148,MTe11,0,214,0.000000,6,0.000000,0.000000
529,943,528,MTe21,0,110,0.000000,2,0.000000,0.000000
530,944,529,aMe19b,0,76,0.000000,2,0.000000,0.000000
531,19,530,cLM01,0,82,0.000000,2,0.000000,0.000000
532,382,133,cM18,0,225,0.000000,2,0.000000,0.000000
533,40,141,cM14,0,142,0.000000,2,0.000000,0.000000
534,301,143,cM03,0,148,0.000000,6,0.000000,0.000000
535,446,146,cL10,0,225,0.000000,2,0.000000,0.000000
536,902,499,LTe25,0,289,0.000000,2,0.000000,0.000000
537,539,501,LT11,0,122,0.000000,2,0.000000,0.000000
538,175,503,LT65,0,58,0.000000,2,0.000000,0.000000
539,909,504,cLLPM02,0,149,0.000000,2,0.000000,0.000000
540,861,505,CB2580,0,197,0.000000,1,0.000000,0.000000
541,916,507,PLP177,0,208,0.000000,2,0.000000,0.000000
542,34,508,LC27,0,132,0.000000,37,0.000000,0.000000
543,960,545,LPT22,0,218,0.000000,2,0.000000,0.000000
544,130,116,LTe69,0,200,0.000000,2,0.000000,0.000000
545,449,121,MTe37,0,188,0.000000,2,0.000000,0.000000
546,456,122,DNp27,0,49,0.000000,2,0.000000,0.000000
547,462,128,MTe15,0,332,0.000000,4,0.000000,0.000000
548,463,130,aMe6a,0,232,0.000000,2,0.000000,0.000000
549,927,515,cL06,0,40,0.000000,2,0.000000,0.000000
550,928,516,PLP155,0,79,0.000000,2,0.000000,0.000000
551,930,517,cM02b,0,25,0.000000,2,0.000000,0.000000
552,510,519,MeMe_e04,0,1509,0.000000,4,0.000000,0.000000
553,935,521,cM04,0,2,0.000000,6,0.000000,0.000000
554,937,523,CB3866,0,48,0.000000,2,0.000000,0.000000
555,940,524,LT83,0,145,0.000000,2,0.000000,0.000000
556,941,527,MTe09,0,133,0.000000,10,0.000000,0.000000
557,967,555,MTe40,0,87,0.000000,2,0.000000,0.000000
558,968,556,MeMe_e01,0,152,0.000000,13,0.000000,0.000000
559,231,557,LT77,0,385,0.000000,6,0.000000,0.000000
560,7,558,LPT51,0,74,0.000000,2,0.000000,0.000000
561,759,559,CB1329,0,291,0.000000,2,0.000000,0.000000
562,892,560,LT34,0,65,0.000000,2,0.000000,0.000000
563,949,531,aMe3,0,23,0.000000,2,0.000000,0.000000
564,356,533,Sm25,0,179,0.000000,17,0.000000,0.000000
565,474,536,cMLLP02,0,61,0.000000,3,0.000000,0.000000
566,953,537,LTe32,0,242,0.000000,6,0.000000,0.000000
567,956,541,cM08c,0,1,0.000000,6,0.000000,0.000000
568,958,542,CB3790,0,1,0.000000,3,0.000000,0.000000
569,409,544,LC19,0,61,0.000000,15,0.000000,0.000000
570,411,336,cM15,0,158,0.000000,2,0.000000,0.000000
571,741,337,LTe57,0,191,0.000000,2,0.000000,0.000000
572,475,338,VS1,0,107,0.000000,2,0.000000,0.000000
573,603,243,HBeyelet,0,46,0.000000,1,0.000000,0.000000
574,625,244,MTe36,0,123,0.000000,2,0.000000,0.000000
575,626,245,OA-AL2i4,0,156,0.000000,2,0.000000,0.000000
576,627,246,cL02c,0,71,0.000000,2,0.000000,0.000000
577,151,247,aMe24,0,104,0.000000,2,0.000000,0.000000
578,225,248,mALC6,0,154,0.000000,4,0.000000,0.000000
579,635,249,LTe54,0,116,0.000000,4,0.000000,0.000000
580,639,252,LT72,0,11,0.000000,2,0.000000,0.000000
581,644,255,LTe73,0,159,0.000000,2,0.000000,0.000000
582,645,257,VS6,0,55,0.000000,2,0.000000,0.000000
583,542,307,Sm33,0,278,0.000000,5,0.000000,0.000000
584,129,308,Li124_56,0,40,0.000000,2,0.000000,0.000000
585,424,101,LTe46,0,95,0.000000,2,0.000000,0.000000
586,428,102,LT59,0,123,0.000000,2,0.000000,0.000000
587,117,105,cM02a,0,31,0.000000,2,0.000000,0.000000
588,296,106,LT85,0,136,0.000000,2,0.000000,0.000000
589,438,109,LC39,0,315,0.000000,8,0.000000,0.000000
590,285,113,Li30,0,37,0.000000,2,0.000000,0.000000
591,295,114,LT62,0,111,0.000000,2,0.000000,0.000000
592,878,547,LPT52,0,121,0.000000,2,0.000000,0.000000
593,965,550,LT38,0,51,0.000000,4,0.000000,0.000000
594,966,554,MTe39,0,526,0.000000,2,0.000000,0.000000
595,839,585,MTe29,0,152,0.000000,2,0.000000,0.000000
596,997,586,MeLp2,0,232,0.000000,2,0.000000,0.000000
597,998,591,LPT30,0,1407,0.000000,2,0.000000,0.000000
598,1000,592,LCe08,0,24,0.000000,5,0.000000,0.000000
599,594,563,LPT53,0,180,0.000000,2,0.000000,0.000000
600,950,564,LC34,0,61,0.000000,14,0.000000,0.000000
601,982,565,cM13,0,191,0.000000,2,0.000000,0.000000
602,847,571,DCH,0,24,0.000000,2,0.000000,0.000000
603,796,574,LPT27,0,112,0.000000,2,0.000000,0.000000
604,867,576,cL04,0,135,0.000000,4,0.000000,0.000000
605,988,577,LTe76,0,569,0.000000,2,0.000000,0.000000
606,422,100,LTe44,0,215,0.000000,2,0.000000,0.000000
607,1010,610,LT79,0,62,0.000000,2,0.000000,0.000000
608,372,83,cL02a,0,192,0.000000,7,0.000000,0.000000
609,373,84,LT40,0,169,0.000000,2,0.000000,0.000000
610,325,85,PLP163,0,58,0.000000,1,0.000000,0.000000
611,3,88,cL08,0,47,0.000000,2,0.000000,0.000000
612,387,89,MTe25,0,88,0.000000,2,0.000000,0.000000
613,400,92,MTe12,0,229,0.000000,6,0.000000,0.000000
614,414,94,mALB5,0,124,0.000000,1,0.000000,0.000000
615,280,95,PLP103b,0,66,0.000000,1,0.000000,0.000000
616,417,96,AN_multi_125,0,421,0.000000,2,0.000000,0.000000
617,294,98,Sm35,0,318,0.000000,6,0.000000,0.000000
618,989,580,Li04,0,158,0.000000,26,0.000000,0.000000
619,990,581,LC37a,0,93,0.000000,18,0.000000,0.000000
620,41,582,Sm16,0,100,0.000000,67,0.000000,0.000000
621,299,583,MTe32,0,72,0.000000,2,0.000000,0.000000
622,45,75,PLP249,0,142,0.000000,1,0.000000,0.000000
623,141,76,DNp30,0,197,0.000000,2,0.000000,0.000000
624,52,82,LC31c,0,162,0.000000,2,0.000000,0.000000
625,1001,596,cL15,0,157,0.000000,2,0.000000,0.000000
626,804,597,aMe17a1,0,37,0.000000,2,0.000000,0.000000
627,1003,598,Li27,0,84,0.000000,4,0.000000,0.000000
628,453,599,MTe45,0,93,0.000000,2,0.000000,0.000000
629,1005,600,VST1,0,49,0.000000,4,0.000000,0.000000
630,995,603,aMe25,0,30,0.000000,2,0.000000,0.000000
631,1007,604,cL02b,0,91,0.000000,7,0.000000,0.000000
632,1008,607,LT58,0,145,0.000000,2,0.000000,0.000000
633,1009,608,cM07,0,63,0.000000,2,0.000000,0.000000
634,477,310,LT36,0,415,0.000000,2,0.000000,0.000000
635,710,311,LTe19,0,88,0.000000,2,0.000000,0.000000
636,29,313,VCH,0,293,0.000000,2,0.000000,0.000000
637,719,314,MeMe_e13,0,33,0.000000,2,0.000000,0.000000
638,292,315,cL14,0,472,0.000000,2,0.000000,0.000000
639,721,317,LT41,0,58,0.000000,2,0.000000,0.000000
640,724,319,PLP037b,0,300,0.000000,1,0.000000,0.000000
641,726,321,OA-AL2i1,0,81,0.000000,2,0.000000,0.000000
642,656,322,MeMe_e06,0,162,0.000000,2,0.000000,0.000000
643,131,292,LTe50,0,43,0.000000,4,0.000000,0.000000
644,700,293,CB2197,0,148,0.000000,1,0.000000,0.000000
645,701,295,LTe09,0,89,0.000000,15,0.000000,0.000000
646,174,299,MeLp1,0,109,0.000000,2,0.000000,0.000000
647,706,300,Sm39,0,117,0.000000,2,0.000000,0.000000
648,707,301,LT56,0,88,0.000000,2,0.000000,0.000000
649,709,304,PLP248,0,137,0.000000,2,0.000000,0.000000
650,331,65,AOTU053,0,140,0.000000,1,0.000000,0.000000
651,247,66,VS7,0,178,0.000000,2,0.000000,0.000000
652,322,613,cL12,0,111,0.000000,2,0.000000,0.000000
653,1014,615,Sm26,0,122,0.000000,20,0.000000,0.000000
654,1015,616,PLP150a,0,234,0.000000,1,0.000000,0.000000
655,1016,621,PLP239,0,229,0.000000,1,0.000000,0.000000
656,1017,622,CT1,0,313,0.000000,2,0.000000,0.000000
657,433,624,MTe42,0,43,0.000000,2,0.000000,0.000000
658,1019,626,Sm37,0,102,0.000000,2,0.000000,0.000000
659,98,67,LTe42b,0,199,0.000000,2,0.000000,0.000000
660,62,74,LTe38a,0,258,0.000000,8,0.000000,0.000000
661,1041,654,DNg33,0,83,0.000000,1,0.000000,0.000000
662,1042,655,LPi13,0,32,0.000000,2,0.000000,0.000000
663,1047,656,Sm18,0,101,0.000000,37,0.000000,0.000000
664,1049,658,LTe22,0,132,0.000000,2,0.000000,0.000000
665,110,632,LTe75,0,51,0.000000,2,0.000000,0.000000
666,1021,635,MeTu4_unknown,0,92,0.000000,1,0.000000,0.000000
667,218,638,LTe60,0,272,0.000000,2,0.000000,0.000000
668,1023,639,Nod5,0,178,0.000000,2,0.000000,0.000000
669,1028,642,DNpe053,0,105,0.000000,2,0.000000,0.000000
670,213,53,LTe06,0,94,0.000000,2,0.000000,0.000000
671,64,57,MeMe_e12,0,117,0.000000,2,0.000000,0.000000
672,310,59,LC44,0,25,0.000000,4,0.000000,0.000000
673,311,60,LT86,0,96,0.000000,2,0.000000,0.000000
674,448,663,LT67,0,137,0.000000,2,0.000000,0.000000
675,250,664,cL22c,0,249,0.000000,2,0.000000,0.000000
676,1057,668,MTe23,0,153,0.000000,2,0.000000,0.000000
677,896,669,LT43,0,1,0.000000,4,0.000000,0.000000
678,1059,670,VS5,0,161,0.000000,2,0.000000,0.000000
679,1060,673,MTe27,0,15,0.000000,2,0.000000,0.000000
680,214,674,CB2216,0,76,0.000000,1,0.000000,0.000000
681,441,643,Li20,0,79,0.000000,6,0.000000,0.000000
682,1033,644,MTe33,0,242,0.000000,2,0.000000,0.000000
683,1035,645,LTe65,0,203,0.000000,7,0.000000,0.000000
684,333,646,LTe20,0,69,0.000000,2,0.000000,0.000000
685,843,647,LTe62,0,54,0.000000,2,0.000000,0.000000
686,1040,652,VS2,0,163,0.000000,2,0.000000,0.000000
687,1070,687,LPT26,0,41,0.000000,2,0.000000,0.000000
688,1071,690,LTe04,0,354,0.000000,2,0.000000,0.000000
689,122,35,MTe14,0,194,0.000000,4,0.000000,0.000000
690,198,38,MTe13,0,348,0.000000,5,0.000000,0.000000
691,164,41,MTe31,0,131,0.000000,2,0.000000,0.000000
692,187,44,cL22b,0,187,0.000000,2,0.000000,0.000000
693,277,46,cL17,0,36,0.000000,2,0.000000,0.000000
694,203,47,cLP05,0,62,0.000000,2,0.000000,0.000000
695,241,48,LTe38b,0,457,0.000000,5,0.000000,0.000000
696,293,49,LTe42c,0,2,0.000000,2,0.000000,0.000000
697,1050,660,cM10,0,146,0.000000,2,0.000000,0.000000
698,1051,661,CB3238,0,193,0.000000,2,0.000000,0.000000
699,390,693,cM08b,0,40,0.000000,4,0.000000,0.000000
700,1075,695,LTe02,0,147,0.000000,4,0.000000,0.000000
701,75,696,LTe31,0,418,0.000000,2,0.000000,0.000000
702,251,697,LPT42_Nod4,0,100,0.000000,2,0.000000,0.000000
703,399,699,Pm13,0,44,0.000000,3,0.000000,0.000000
704,1062,676,cML01,0,56,0.000000,2,0.000000,0.000000
705,1063,677,cL11,0,15,0.000000,2,0.000000,0.000000
706,515,678,LTe38c,0,191,0.000000,4,0.000000,0.000000
707,1065,679,Sm27,0,104,0.000000,14,0.000000,0.000000
708,1066,681,LTe30,0,72,0.000000,2,0.000000,0.000000
709,1068,683,LTe47,0,55,0.000000,4,0.000000,0.000000
710,1069,686,cMLLP01,0,168,0.000000,2,0.000000,0.000000
711,439,259,LTe41,0,95,0.000000,2,0.000000,0.000000
712,431,260,cM09,0,217,0.000000,5,0.000000,0.000000
713,436,262,MTe44,0,136,0.000000,2,0.000000,0.000000
714,291,264,LTe70,0,167,0.000000,2,0.000000,0.000000
715,659,266,cM01c,0,1290,0.000000,2,0.000000,0.000000
716,665,267,HSE,0,400,0.000000,2,0.000000,0.000000
717,443,268,MTe19,0,136,0.000000,2,0.000000,0.000000
718,673,270,H1,0,32,0.000000,2,0.000000,0.000000
719,368,271,LTe18,0,31,0.000000,2,0.000000,0.000000
720,675,272,cM12,0,177,0.000000,2,0.000000,0.000000
721,57,276,LC41,0,178,0.000000,12,0.000000,0.000000
722,677,277,cM06,0,257,0.000000,2,0.000000,0.000000
723,268,279,LTe48,0,92,0.000000,2,0.000000,0.000000
724,44,280,LCe05,0,148,0.000000,19,0.000000,0.000000
725,683,281,Sm17,0,244,0.000000,13,0.000000,0.000000
726,686,283,LT61b,0,17,0.000000,2,0.000000,0.000000
727,1085,712,LTe63,0,114,0.000000,6,0.000000,0.000000
